Fan,Number,Latitude,Longitude,Angle,Apex,Crevasse,Elevation
Abrisham,1,35.615706,56.255005,56,Yes,No,729.5543
Abrisham,2,35.616445,56.250021,53,Yes,No,729.3127
Abrisham,3,35.581628,56.179067,29,No,No,719.3674
Abrisham,4,35.607675,56.221299,46,No,No,725.3999
Abrisham,5,35.618057,56.246695,42,Yes,No,729.1769
Abrisham,6,35.581809,56.182022,58,No,No,719.6476
Abrisham,7,35.554677,56.128085,48,No,No,713.6783
Abrisham,8,35.54227,56.122563,94,No,Yes,713.4351
Abrisham,9,35.535143,56.102373,60,No,No,712.766
Abrisham,10,35.430526,56.077015,76,No,No,708.1768
Abrisham,11,35.620633,56.045528,62,No,No,712.5676
Abrisham,12,35.620731,56.033914,59,No,Yes,712.3874
Abrisham,13,35.488192,56.010569,95,No,Yes,708.7949
Abrisham,14,35.482989,56.007523,91,No,Yes,708.4821
Abrisham,15,35.482499,56.007317,87,No,Yes,708.5422
Abrisham,16,35.482156,56.006442,55,No,Yes,708.5586
Abrisham,17,35.481625,56.006181,64,No,Yes,708.7764
Abrisham,18,35.479373,56.008148,93,No,Yes,708.5056
Abrisham,19,35.479026,56.007576,87,No,Yes,708.4702
Abrisham,20,35.479087,56.009086,48,No,Yes,708.7751
Abrisham,21,35.479019,56.008938,70,No,Yes,708.6204
Abrisham,22,35.478948,56.008952,40,No,Yes,708.6204
Abrisham,23,35.478809,56.007828,51,No,Yes,708.4918
Abrisham,24,35.476592,56.005061,91,No,Yes,708.0544
Abrisham,25,35.475796,55.998894,89,No,Yes,708.124
Abrisham,26,35.475808,55.998362,88,No,Yes,708.3805
Abrisham,27,35.475939,56.000067,50,No,Yes,708.1898
Abrisham,28,35.471173,55.99389,80,No,Yes,708.3407
Abrisham,29,35.471088,55.993665,92,No,Yes,708.1721
Abrisham,30,35.470279,55.991628,57,No,Yes,707.7194
Abrisham,31,35.470025,55.993483,79,No,Yes,707.9715
Abrisham,32,35.469823,55.993536,56,No,Yes,707.7175
Abrisham,33,35.469936,55.993072,87,No,Yes,707.953
Abrisham,34,35.620473,56.069678,29,No,No,714.0417
Abrisham,35,35.620921,56.068123,45,No,No,713.9548
Abrisham,36,35.518043,56.101209,76,No,No,711.5129
Abrisham,37,35.602614,56.041924,59,No,No,712.0093
Abrisham,38,35.60731,56.049722,46,No,No,712.6453
Abrisham,39,35.616197,56.067515,43,No,No,713.6859
Abrisham,40,35.620003,56.073972,43,No,No,713.6998
Abrisham,41,35.569998,56.155052,49,No,No,717.2306
Abrisham,42,35.595685,56.23742,46,No,No,726.3218
Abrisham,43,35.505464,55.946727,89,No,Yes,708.3718
Abrisham,44,35.529517,55.965423,77,No,Yes,708.8807
Abrisham,45,35.536148,55.967716,86,No,Yes,708.8871
Abrisham,46,35.53804,55.970895,88,No,Yes,709.1989
Abrisham,47,35.542322,55.971728,76,No,Yes,709.4005
Abrisham,48,35.498984,55.880494,83,No,Yes,707.2028
Abrisham,49,35.499117,55.878765,90,No,Yes,707.0527
Abrisham,50,35.49971,55.878005,88,No,Yes,707.1305
Abrisham,51,35.500201,55.877761,46,No,Yes,706.9393
Abrisham,52,35.500009,55.876619,72,No,Yes,707.1673
Abrisham,53,35.499885,55.875093,61,No,Yes,706.64
Abrisham,54,35.586116,56.188371,46,No,No,721.1796
Abrisham,55,35.612848,56.103519,55,No,No,715.3698
Abrisham,56,35.588824,56.214422,49,No,No,723.549
Abrisham,57,35.461218,56.008074,74,No,Yes,707.9269
Abrisham,58,35.458702,56.003242,74,No,Yes,707.9282
Abrisham,59,35.458269,56.003067,74,No,Yes,707.9243
Abrisham,60,35.456499,56.001052,73,No,Yes,707.9312
Abrisham,61,35.507447,56.08318,89,No,Yes,711.1736
Abrisham,62,35.510786,56.092354,71,No,No,710.98
Abrisham,63,35.476503,56.061746,90,No,Yes,709.5608
Abrisham,64,35.50487,55.946894,89,No,Yes,708.3874
Abrisham,65,35.499499,55.878404,67,No,Yes,706.7723
Abrisham,66,35.497879,55.875272,81,No,Yes,706.8477
Abrisham,67,35.459192,55.999374,82,No,Yes,707.9681
Abrisham,68,35.54017,55.947269,91,No,Yes,708.9843
Abrisham,69,35.473674,55.998316,67,No,Yes,708.2104
Abrisham,70,35.47225,55.997943,61,No,Yes,707.8646
Abrisham,71,35.466224,55.996342,60,No,Yes,708.2287
Abrisham,72,35.464282,56.012844,111,No,Yes,708.4171
Abrisham,73,35.448736,55.994498,73,No,Yes,707.6854
Abrisham,74,35.517187,56.099378,95,No,Yes,711.2722
Abrisham,75,35.5082,56.065685,70,No,Yes,710.4685
Abrisham,76,35.506513,56.063865,88,No,Yes,710.2844
Abrisham,77,35.465677,56.021374,91,No,Yes,708.8102
Abrisham,78,35.498882,56.012363,94,No,Yes,708.2719
Abrisham,79,35.537461,55.9385,90,No,Yes,708.5491
Abrisham,80,35.613578,56.126797,47,No,No,716.3063
Abrisham,81,35.613372,56.126365,87,No,No,716.1676
Abrisham,82,35.527344,55.916217,58,No,Yes,707.8328
Abrisham,83,35.607961,56.24758,40,Yes,No,729.884
Abrisham,84,35.557069,56.153403,31,No,No,729.4149
Abrisham,85,35.546794,56.142783,61,No,No,716.251
Abrisham,86,35.507877,56.087147,31,No,No,714.4929
Abrisham,87,35.508944,56.088787,63,No,Yes,711.1154
Abrisham,88,35.506354,56.085187,74,No,Yes,711.2437
Abrisham,89,35.506005,56.084717,93,No,Yes,710.9951
Abrisham,90,35.505575,56.08652,64,No,Yes,710.7406
Abrisham,91,35.44516,55.986594,94,No,Yes,711.0411
Abrisham,92,35.444959,55.985309,58,No,Yes,707.3903
Abrisham,93,35.440671,55.982413,81,No,Yes,707.6788
Abrisham,94,35.439794,55.981666,72,No,Yes,707.2396
Abrisham,95,35.5994,56.197339,53,No,No,707.1943
Abrisham,96,35.593506,56.184036,45,No,No,722.2675
Abrisham,97,35.472328,56.050802,93,No,Yes,720.8939
Abrisham,98,35.469137,56.047627,82,No,Yes,709.7066
Abrisham,99,35.468983,56.047142,91,No,Yes,709.4266
Abrisham,100,35.483271,56.074084,101,No,Yes,709.4122
Abrisham,101,35.482215,56.068222,96,No,Yes,710.2372
Abrisham,102,35.438059,56.083093,104,No,Yes,709.6382
Abrisham,103,35.485876,56.073715,89,No,Yes,708.4189
Abrisham,104,35.49556,56.089769,90,No,No,710.0087
Abrisham,105,35.478284,56.037332,62,No,No,
Abrisham,106,35.471264,56.059255,78,No,No,
Abrisham,107,35.483006,56.07362,86,No,No,
Abrisham,108,35.496911,56.104112,73,No,No,
Abrisham,109,35.47575,56.128148,56,No,No,
Canning,1,68.864202,-146.441838,37,Yes,No,114.978508
Canning,3,69.922037,-146.333941,40,No,No,85.63303
Canning,2,70.008584,-146.19404,41,No,No,44.65238
Canning,4,69.966839,-146.16216,17,No,No,53.55752
Cusay,1,6.778584,-71.480339,40,No,No,175.8528
Cusay,2,6.798722,-71.468091,90,No,Yes,168.5132
Cusay,3,6.800773,-71.462588,74,No,No,167.3385
Cusay,4,6.69953,-71.151346,91,No,Yes,138
Cusay,5,6.701649,-71.141503,87,No,Yes,139.3413
Cusay,6,6.692155,-71.835765,37,Yes,No,404.1617
Cusay,8,6.812087,-71.459177,61,No,No,166.1609
Cusay,9,6.778249,-71.474268,84,No,Yes,173.1356
Cusay,10,6.763923,-71.513202,85,No,Yes,179.3191
Cusay,11,6.761484,-71.618818,48,No,No,195.5
Cusay,12,6.7099,-71.224748,65,No,No,147.3128
Cusay,13,6.69889,-71.150849,88,No,Yes,138
Cusay,14,6.703826,-71.164085,81,No,Yes,141.3935
Cusay,15,6.691624,-71.841112,36,Yes,No,445.2698
Ili,1,45.701391,74.401756,54,No,No,342.5
Ili,2,45.71517,74.371598,95,No,Yes,342.5
Ili,3,45.714883,74.369633,93,No,Yes,342.5
Ili,4,45.716419,74.367037,79,No,Yes,342.5
Ili,5,45.775215,74.228641,38,No,No,343.0236
Ili,6,45.775652,74.228807,80,No,Yes,342.9403
Ili,7,45.759146,74.23545,85,No,Yes,342.9057
Ili,8,45.76353,74.23118,91,No,Yes,341
Ili,9,45.772678,74.221932,104,No,Yes,343.6185
Ili,10,45.77318,74.216419,87,No,Yes,341
Ili,11,45.73862,74.254484,88,No,No,343.0497
Ili,12,45.730461,74.242761,68,No,Yes,342.8694
Ili,13,45.719126,74.244862,38,No,No,343.0899
Ili,14,45.716625,74.247039,25,No,No,343.0515
Ili,15,45.720397,74.240186,93,No,Yes,343.1568
Ili,16,45.717113,74.237767,55,No,No,342.4417
Ili,17,45.473156,74.666879,73,No,No,351.8654
Ili,18,45.29702,75.078992,87,No,No,361
Ili,19,45.414705,74.165095,85,No,No,343.2398
Ili,20,45.342442,74.079413,91,No,Yes,343.6369
Ili,21,45.710101,74.216302,117,No,Yes,341.8163
Ili,22,45.710618,74.21482,59,No,No,343.3051
Ili,24,45.217608,75.254603,38,No,No,363
Ili,25,45.417492,74.214006,84,No,No,343.627
Ili,26,45.863739,74.427164,60,No,No,344.5478
Ili,27,45.304968,75.076502,65,No,No,362.1816
Ili,28,45.32187,74.963086,160,No,No,361.4226
Ili,29,45.537413,74.532972,96,No,No,348.3975
Ili,30,45.543164,74.534906,29,No,No,348.2573
Ili,32,45.035495,75.482483,38,No,No,374.8794
Ili,33,45.055789,75.448639,78,No,No,373.3539
Ili,34,45.076849,75.35007,30,No,No,370.5101
Ili,35,45.454582,75.08657,53,No,No,356.0474
Ili,36,45.320289,75.310566,43,No,No,362.8047
Ili,37,45.930501,74.346155,87,No,No,343.4773
Ili,38,45.914885,74.32275,98,No,No,342
Ili,39,45.935962,74.321238,112,No,Yes,343.2655
Ili,40,45.937147,74.310745,76,No,No,342
Ili,41,45.930045,74.294261,79,No,No,343.1914
Ili,42,45.920758,74.279277,91,No,No,343.0258
Ili,43,45.921806,74.28466,109,No,No,343.2239
Ili,44,45.924383,74.262922,90,No,Yes,343.0835
Ili,45,45.924796,74.262681,116,No,Yes,343.3021
Ili,46,46.373484,74.926192,91,No,Yes,344.7482
Ili,47,46.364353,74.928812,100,No,Yes,344.4215
Ili,48,46.318337,74.948778,86,No,Yes,344.2572
Ili,49,44.815687,76.227469,48,Yes,No,392.1306
Ili,50,45.059631,74.71796,99,No,No,353.6096
Ili,51,45.391779,74.124471,86,No,Yes,343.1115
Ili,52,45.420401,74.140497,68,No,Yes,343.3176
Ili,53,45.930091,74.394949,105,No,No,343.1172
Ili,55,45.961163,74.379916,99,No,Yes,344.46
Ili,56,45.980117,74.299725,130,No,Yes,343.5997
Ili,57,45.947797,74.235744,92,No,Yes,343.1824
Ili,58,45.978788,74.497989,30,No,No,343.0589
Ili,59,45.303932,75.079314,54,No,No,361
Ili,60,45.220771,75.250015,51,No,No,367.6268
Ili,61,45.215536,75.244342,61,No,No,367.3709
Ili,62,45.027073,75.520648,55,No,No,374.0731
Ili,63,45.016002,75.808045,36,No,No,381.5059
Ili,64,45.130436,76.218195,39,No,No,384.1985
Ili,65,46.506281,75.521619,74,No,Yes,343.459
Ili,66,46.506434,75.531722,93,No,Yes,342.9602
Ili,69,46.522055,75.494508,85,No,Yes,343.5317
Ili,70,45.29496,76.015162,57,No,No,377.6855
Ili,71,45.071574,75.43423,34,No,No,371.1895
Ili,72,44.92569,75.9451,55,Yes,No,387.1268
Ili,73,44.921031,75.837908,46,Yes,No,382.6772
Ili,74,44.920777,76.074833,51,Yes,No,390.0179
Ili,75,45.619927,74.398696,91,No,Yes,345.504
Ili,76,45.437106,74.418274,57,No,No,349.2177
Ili,77,45.035271,75.549303,75,No,No,374.9904
Ili,78,45.122328,75.494792,39,No,No,373.2144
Ili,79,45.424769,74.305351,70,No,No,346.9027
Ili,80,45.723913,74.252241,83,No,Yes,343.2073
Ili,81,45.723649,74.253941,76,No,No,343.2368
Ili,82,45.723724,74.256532,88,No,Yes,343.136
Ili,83,45.691999,74.421352,101,No,Yes,344.059
Ili,84,45.692908,74.418681,83,No,Yes,344.7482
Ili,85,45.672673,74.449169,52,No,No,345.7384
Ili,86,45.691666,74.425976,85,No,Yes,344.9566
Ili,87,45.69418,74.427066,84,No,Yes,344
Ili,88,45.718075,74.36604,63,No,Yes,342.5
Ili,89,45.72053,74.369593,46,No,Yes,342.5
Ili,90,45.720449,74.369893,74,No,Yes,342.5
Ili,91,45.720082,74.367598,65,No,Yes,342.5
Ili,92,45.851416,74.717073,83,No,No,347.0228
Ili,93,45.858269,74.806684,91,No,Yes,348.5913
Ili,94,45.845869,74.81201,71,No,Yes,346.9725
Ili,95,45.651354,74.566359,83,No,No,347.4082
Ili,96,45.64989,74.526834,157,No,No,345
Ili,97,45.535336,74.806558,60,No,No,353.7597
Ili,98,45.522226,74.813787,40,No,No,351
Ili,99,45.428822,74.792238,90,No,No,353
Ili,100,45.359143,74.908811,45,No,No,357
Ili,101,45.350908,74.890759,57,No,No,357
Ili,102,45.331855,74.881752,59,No,No,356.976
Ili,103,45.331299,74.883189,55,No,No,357.4808
Ili,104,45.330899,74.876458,73,No,No,357.0709
Ili,105,45.330922,74.854489,68,No,No,355.9781
Ili,106,45.35063,74.843778,47,No,No,356.4297
Ili,107,45.384336,74.860271,91,No,No,355
Ili,108,45.367276,74.8463,60,No,No,356.7618
Ili,109,45.362544,74.843477,28,No,No,355
Ili,110,45.456913,74.759963,57,No,No,352.5
Ili,111,45.16284,75.347984,58,No,No,366
Ili,112,45.072878,75.350018,40,No,No,370.1435
Ili,113,45.415443,74.0775,72,No,No,342.8776
Ili,114,45.265727,75.158885,68,No,No,364.9868
Ili,115,45.272264,75.154568,52,No,No,363.1376
Ili,116,45.319903,74.949899,79,No,Yes,360.3958
Ili,117,45.335306,74.947391,43,No,No,360.0352
Ili,118,45.343892,74.945007,87,No,No,359.9313
Ili,119,45.473956,74.72843,121,No,No,351.5
Ili,120,45.495105,74.57538,69,No,No,350.249
Ili,121,45.507392,74.542008,79,No,No,350.0789
Ili,122,45.506131,74.564466,32,No,Yes,348.796
Ili,123,45.506293,74.565842,47,No,Yes,349.4771
Ili,124,45.918341,74.313572,33,No,No,342
Ili,125,45.711805,74.236106,79,No,No,342.7702
Ili,126,45.707131,74.229657,78,No,No,341
Ili,127,45.698864,74.22729,61,No,No,342.0278
Ili,128,45.704331,74.372467,92,No,No,342.5
Ili,129,45.505823,74.547019,101,No,No,350.0761
Ili,130,45.702692,74.369006,79,No,No,342.5
Ili,131,45.239146,76.162017,95,No,No,378.2809
Ili,132,46.17894,74.971406,98,No,No,343.2386
Ili,133,46.236844,74.976817,24,No,No,345.0298
Ili,134,46.208339,74.807441,19,No,No,343.1015
Ili,138,46.211176,74.888023,76,No,No,343.8188
Ili,139,46.219184,74.90431,65,No,No,343.487
Ili,140,46.181771,74.813487,17,No,No,343.5358
Ili,141,46.176955,74.802756,57,No,No,342.8091
Ili,142,46.509827,75.687594,85,No,Yes,342.8293
Ili,143,46.490181,75.689459,90,No,Yes,343.2636
Ili,144,46.485306,75.70294,90,No,Yes,343.5428
Ili,145,46.481174,75.703114,91,No,Yes,342.9161
Ili,146,46.481138,75.700162,49,No,Yes,343.5406
Ili,147,45.494087,74.518727,62,No,No,348.998
Ili,148,45.485132,74.484437,74,No,No,348.5789
Ili,149,45.48559,74.475961,89,No,Yes,348.9837
Ili,150,45.482706,74.474497,44,No,No,347
Ili,151,45.454342,74.383996,56,No,No,347.9664
Ili,152,45.453749,74.410186,90,No,No,348.7539
Ili,153,45.477128,74.364921,78,No,Yes,346.6578
Ili,154,45.960563,74.464717,84,No,Yes,342.8914
Ili,155,45.741919,74.254668,71,No,Yes,341.5
Ili,156,45.71737,74.251914,77,No,No,343.0831
Ili,157,45.771666,74.22884,82,No,No,341
Ili,158,45.127504,75.885256,72,No,No,379.2588
Ili,159,44.941399,75.630188,31,No,No,377.8738
Ili,160,45.340118,75.87097,34,No,No,374.117
Ili,161,45.351752,75.67568,55,No,No,369.2021
Ili,162,45.013544,75.838876,56,No,No,382.8728
Ili,163,45.316114,76.112605,48,No,No,376.5755
Ili,164,45.485436,74.468886,83,No,Yes,348.4843
Ili,165,45.894796,74.285762,63,No,Yes,342
Ili,166,45.895722,74.305602,91,No,Yes,342
Ili,167,45.920056,74.282767,88,No,Yes,343.3205
Ili,168,45.814418,74.570412,91,No,Yes,345.0474
Ili,169,46.200574,74.839274,85,No,Yes,343.4111
Ili,170,45.930381,74.23614,79,No,Yes,343.4899
Ili,171,45.506021,74.549998,91,No,Yes,349.2557
Ili,172,45.50509,74.559568,93,No,Yes,349.1593
Ili,173,45.468298,75.043833,57,No,No,357.5952
Ili,174,45.697115,74.821156,90,No,Yes,349.9961
Ili,175,45.765458,74.767974,88,No,Yes,347.4318
Ili,176,45.332252,75.920755,30,No,No,373.2809
Ili,177,44.940977,75.755098,48,No,No,380.1375
Ili,178,45.69181,74.23399,90,No,Yes,343.0179
Ili,179,45.900393,74.30632,87,No,Yes,342
Ili,180,46.474961,75.417742,65,No,No,343.931
Ili,181,45.498621,74.685605,93,No,Yes,349.5
Karnali,6,28.610688,81.274466,41,Yes,No,189.5
Kosi,1,26.593804,87.004853,42,Yes,No,80
Kosi,2,26.506765,86.939415,32,No,No,71.5
Kosi,3,26.219385,87.273778,54,No,No,56.645412
Kosi,4,26.716792,87.096517,32,No,No,99.327431
Manas,1,26.782846,90.955109,59,Yes,No,95.83354
Manas,2,26.771765,90.952146,23,Yes,No,90
Manas,3,26.748175,90.952722,21,No,No,92.619453
Niger,1,14.138615,-5.02444,62,Yes,No,271
Niger,2,14.178122,-4.920782,65,No,No,270.5
Niger,3,14.250717,-4.663924,59,No,No,267.5
Niger,4,14.674758,-4.163963,21,No,No,261
Niger,5,14.774683,-4.187729,58,No,No,263.2259
Niger,12,14.706071,-4.698153,32,No,No,265.5
Niger,14,14.354458,-4.688947,51,No,No,270.2328
Niger,15,14.360618,-4.67464,46,No,No,268.3382
Niger,16,14.266081,-4.59407,65,No,No,267
Niger,17,14.337734,-4.37564,51,No,No,265.0168
Niger,18,14.469288,-4.415616,92,No,Yes,264.4897
Niger,19,14.475533,-4.36877,91,No,Yes,265.4773
Niger,20,15.122909,-4.09649,32,No,No,264.4554
Niger,21,15.173592,-4.109027,50,No,No,262.0338
Niger,22,15.186874,-4.076092,63,No,No,259
Niger,23,15.103188,-4.131635,40,No,No,264.1238
Niger,24,15.036518,-4.152225,55,No,No,264.1981
Niger,25,15.070621,-3.912567,29,No,No,259
Niger,26,15.133815,-3.907615,95,No,No,259
Niger,27,15.154693,-3.905707,72,No,No,260.8966
Niger,28,15.180566,-3.964235,91,No,No,259
Niger,29,15.24134,-3.993183,71,No,No,259
Niger,30,15.25696,-4.049058,101,No,Yes,261.4574
Niger,31,15.270571,-4.005194,106,No,No,259
Niger,32,15.274584,-4.034619,69,No,Yes,261.2432
Niger,33,15.278425,-4.03673,94,No,No,258.5
Niger,34,15.279235,-4.035313,88,No,Yes,261.1678
Niger,35,15.279576,-4.031539,60,No,Yes,260.3717
Niger,36,15.280038,-4.028813,73,No,Yes,261.0498
Niger,37,15.282401,-4.03217,70,No,Yes,260.4985
Niger,38,15.265484,-4.030952,87,No,Yes,260.2299
Niger,39,15.250689,-4.126339,77,No,No,260.8522
Niger,40,15.231021,-4.121473,70,No,No,261.6426
Niger,41,14.94726,-3.917107,33,No,No,261
Niger,42,15.118749,-3.902388,42,No,No,262.4538
Niger,43,15.114674,-3.942724,86,No,No,259
Niger,44,15.113994,-3.952322,82,No,No,259
Niger,45,14.952704,-3.990838,33,No,No,264.295
Niger,46,14.991338,-4.055182,65,No,No,265.7552
Niger,47,15.042092,-3.927226,79,No,No,260.8033
Niger,48,15.232512,-4.240818,85,No,Yes,260.1888
Niger,49,14.802843,-4.607536,91,No,No,265.9225
Niger,50,14.71276,-4.609433,71,No,No,264
Niger,51,14.559952,-4.676736,54,No,No,265
Niger,52,14.80641,-4.088722,64,No,No,261
Niger,53,15.106822,-4.181352,58,No,No,264.6788
Niger,54,15.089673,-4.206587,47,No,Yes,264.9839
Niger,55,15.097691,-4.211537,89,No,Yes,264.7503
Niger,56,14.979285,-4.174413,66,No,No,266.0837
Niger,57,14.912138,-4.125106,92,No,No,266.5596
Niger,58,14.918367,-4.090024,64,No,No,264.5661
Niger,59,14.942903,-4.082361,52,No,No,262.616
Niger,61,14.908111,-3.996107,49,No,No,261
Niger,62,14.481792,-4.813248,92,No,Yes,267.5
Niger,63,15.001953,-4.172311,48,No,No,264.8643
Niger,64,14.840438,-4.085289,68,No,No,261
Niger,65,14.556259,-4.195617,34,No,No,262.5464
Niger,66,14.975847,-4.334574,56,No,No,260.5832
Niger,67,14.79735,-4.194358,41,No,No,265.0976
Niger,68,14.871199,-4.114093,56,No,No,267.3474
Niger,69,15.188145,-4.012475,63,No,No,259
Niger,70,15.282045,-4.055888,89,No,Yes,258
Niger,71,15.207629,-4.126312,112,No,No,261.7349
Niger,72,15.262555,-4.076822,74,No,No,261.0944
Niger,73,15.237968,-4.133723,89,No,Yes,261.8655
Niger,74,15.058671,-4.249376,48,No,No,264.2825
Niger,75,14.901232,-4.078895,73,No,No,261.6194
Niger,76,15.286724,-3.953033,53,No,No,259
Niger,77,15.297285,-3.970959,90,No,No,259
Niger,78,15.296847,-3.98974,88,No,Yes,259
Niger,79,15.29465,-3.99023,66,No,No,260.2958
Niger,80,15.297863,-3.991608,74,No,Yes,259
Niger,81,15.297923,-3.992221,72,No,Yes,261.1276
Niger,82,15.240358,-4.045169,100,No,Yes,259.4763
Niger,83,15.085596,-4.065786,95,No,Yes,261.6213
Niger,84,15.091931,-4.062196,86,No,Yes,262.4362
Niger,85,14.999022,-4.31176,110,No,Yes,261.0377
Niger,86,15.267554,-4.001767,50,No,No,261.2773
Niger,87,15.060104,-4.033997,31,No,No,262.5525
Niger,88,15.188957,-3.90675,91,No,Yes,260.8584
Niger,89,15.236304,-4.043953,91,No,Yes,260.1058
Niger,90,15.20658,-3.992348,70,No,No,259
Niger,91,15.047438,-4.16538,50,No,No,264.3425
Niger,92,15.295267,-3.995338,68,No,Yes,260.6829
Niger,93,15.111703,-4.181196,84,No,Yes,264.5317
Niger,94,15.14298,-4.152449,105,No,Yes,261.3516
Niger,95,15.154179,-4.146709,90,No,Yes,261.943
Niger,96,15.259579,-4.084791,89,No,Yes,258.5
Niger,97,15.254432,-3.989162,103,No,Yes,259
Niger,98,15.267073,-3.985249,90,No,Yes,261.0936
Nomhon He,1,36.384319,96.412953,43,No,No,2854.489
Nomhon He,2,36.516348,96.459236,34,No,No,2717.93
Nomhon He,3,36.51913,96.460352,35,No,No,2716.53
Nomhon He,4,36.520523,96.461846,45,No,No,2715.749
Nomhon He,5,36.522895,96.460986,50,No,No,2714.308
Nomhon He,6,36.510768,96.460334,49,No,No,2721.766
Nomhon He,7,36.511059,96.462713,58,No,No,2718.91
Nomhon He,8,36.526214,96.419516,34,No,No,2716.132
Nomhon He,9,36.519352,96.465892,50,No,No,2714.819
Nomhon He,10,36.525559,96.473231,44,No,No,2709.972
Nomhon He,11,36.513944,96.415679,52,No,No,2724.271
Nomhon He,12,36.26362,96.402555,30,Yes,No,3039.888
Nomhon He,13,36.316538,96.37415,38,No,No,2956.131
Nomhon He,14,36.3302,96.411044,41,No,No,2923.287
Nomhon He,15,36.346125,96.565272,40,No,No,2822.874
Nomhon He,16,36.521521,96.45573,38,No,No,2715.094
Nomhon He,17,36.523933,96.453973,54,No,No,2713.313
Nomhon He,18,36.529162,96.419708,51,No,No,2713.921
Nomhon He,19,36.524862,96.420354,52,No,No,2716.491
Nomhon He,20,36.52929,96.417336,45,No,No,2713.363
Nomhon He,21,36.545079,96.403951,64,No,No,2701.23
Nomhon He,22,36.316928,96.402667,39,No,No,2958.234
Nomhon He,23,36.524874,96.460623,48,No,No,2713.014
Nomhon He,24,36.526805,96.465471,57,No,No,2710.989
Nomhon He,25,36.56051,96.385576,78,No,Yes,2697.366
Nomhon He,26,36.560454,96.38609,40,No,No,2697.241
Nomhon He,27,36.561887,96.385241,43,No,No,2697.294
Nomhon He,28,36.562094,96.38527,79,No,Yes,2697.215
Nomhon He,29,36.562292,96.384545,61,No,Yes,2697.326
Nomhon He,30,36.557708,96.40487,70,No,No,2698.055
Nomhon He,31,36.243917,96.402824,38,Yes,No,3067.69
Nomhon He,32,36.52207,96.494783,90,No,Yes,2708.342
Nomhon He,33,36.530207,96.334995,50,No,No,2706.637
Nomhon He,34,36.56604,96.417601,69,No,Yes,2697.778
Nomhon He,35,36.273589,96.407875,40,Yes,No,3023.03
Nomhon He,36,36.551478,96.467072,94,No,Yes,2701.222
Nomhon He,37,36.555603,96.467256,36,No,No,2700.426
Nomhon He,38,36.556975,96.473338,65,No,Yes,2700.348
Nomhon He,39,36.557989,96.473389,73,No,Yes,2700.13
Nomhon He,40,36.563873,96.469946,52,No,No,2699.471
Nomhon He,41,36.555021,96.467235,91,No,Yes,2700.622
Nomhon He,42,36.262814,96.425752,37,Yes,No,3030.045
Nomhon He,43,36.29443,96.428559,56,No,No,2983.048
Nomhon He,44,36.289905,96.409109,49,No,No,2998.828
Nomhon He,45,36.311618,96.378844,40,No,No,2965.664
Okavango,1,-19.64161,23.60153251,72,No,Yes,937.592
Okavango,2,-19.691071,23.67436895,83,No,Yes,936.2331
Okavango,3,-19.605009,23.58104884,90,No,Yes,937
Okavango,4,-19.60639,23.30099451,80,No,Yes,943.2629
Okavango,5,-18.881521,22.49345097,75,Yes,Yes,977.6159
Okavango,6,-18.979132,22.57786088,85,No,Yes,974.9084
Okavango,7,-18.927923,22.44921475,72,Yes,No,975.2677
Okavango,8,-18.915106,22.52411559,85,No,Yes,974.5
Okavango,9,-18.774753,23.00540052,87,No,Yes,958.5659
Okavango,10,-18.80405,22.95453778,82,No,Yes,959
Okavango,11,-19.537219,23.12390936,73,No,Yes,948.8002
Okavango,12,-19.300049,23.24585102,86,No,Yes,950.9269
Okavango,13,-19.300009,23.24002005,87,No,Yes,950.8921
Okavango,14,-18.938377,22.50822999,74,No,Yes,974.1943
Okavango,15,-19.179685,23.4131558,96,No,Yes,948.4162
Okavango,16,-19.084217,22.61726274,86,No,Yes,972.3289
Okavango,17,-19.081363,22.62305696,138,No,Yes,972.2459
Okavango,18,-19.081601,22.81107558,103,No,Yes,968.2364
Okavango,19,-18.984428,22.5606239,86,No,Yes,973
Okavango,20,-19.158282,23.26406066,89,No,Yes,953.5502
Okavango,21,-19.158219,23.26550298,84,No,Yes,953.4982
Okavango,22,-19.117075,23.32793506,88,No,Yes,951.1502
Okavango,23,-19.128607,23.27048126,97,No,Yes,954.1519
Okavango,24,-19.129442,22.3882573,81,No,No,971.6845
Okavango,25,-19.615093,23.21818773,85,No,Yes,945.4738
Okavango,26,-19.689465,23.21327813,123,No,Yes,943.0423
Okavango,27,-19.698771,23.21869459,92,No,Yes,942.4914
Okavango,28,-19.571489,23.20443423,78,No,Yes,946.5381
Okavango,29,-19.166902,23.7070204,84,No,Yes,938.9282
Okavango,30,-19.095759,23.82828712,87,No,Yes,933.6585
Okavango,31,-19.030814,23.07837035,100,No,Yes,958.5291
Okavango,32,-18.859249,22.69343868,78,No,Yes,968.9196
Okavango,33,-19.320966,22.69323499,94,No,Yes,962.5408
Okavango,34,-19.332567,22.7052511,50,No,Yes,962
Okavango,35,-19.34031,22.73986762,93,No,Yes,962.1414
Okavango,36,-19.337954,22.74720129,31,No,Yes,961.8541
Okavango,37,-19.357315,22.79168687,79,No,Yes,959.6522
Okavango,38,-19.948182,22.98120663,58,No,No,945.6045
Okavango,39,-19.553196,23.55435573,64,No,No,939.756
Okavango,40,-19.555386,23.55333436,93,No,Yes,939.7004
Okavango,41,-19.556676,23.55146891,94,No,Yes,939.7695
Okavango,42,-19.556981,23.55030457,99,No,Yes,939.3602
Okavango,43,-18.981845,22.57576813,96,No,Yes,974.3228
Okavango,44,-19.003279,22.66011975,86,No,Yes,969.0956
Okavango,45,-19.001946,22.64105628,110,No,Yes,970.2824
Okavango,46,-19.437124,22.890234,94,No,Yes,955.715
Okavango,47,-19.116835,23.31130086,108,No,Yes,951.304
Okavango,48,-19.15112,23.27839556,112,No,Yes,953.0209
Okavango,49,-18.888494,22.55169852,59,No,Yes,972.5
Okavango,50,-19.148728,23.28059843,78,No,Yes,952.8296
Okavango,51,-18.936249,22.51262123,55,No,No,973.9503
Okavango,52,-18.925538,22.42517551,64,Yes,No,975.4067
Okavango,53,-19.246523,22.46659704,56,No,Yes,967.2189
Okavango,54,-19.088623,22.62768353,88,No,Yes,970
Okavango,55,-18.521249,23.37807876,77,No,Yes,944
Okavango,56,-18.535053,23.52117681,69,No,Yes,941.8063
Okavango,57,-18.542829,23.54929087,93,No,Yes,941.9741
Okavango,58,-19.53165,22.48464434,56,No,No,957.9452
Okavango,59,-19.510577,22.62497038,87,No,Yes,957.1063
Okavango,60,-19.951081,23.00828096,90,No,Yes,942.4296
Okavango,61,-19.694258,23.67671031,87,No,Yes,935.3817
Okavango,62,-18.79831,22.95720706,81,No,Yes,959
Okavango,63,-18.980288,23.32173975,62,No,No,952.5508
Rud-i-Shur Tabas,1,32.699993,60.546392,27,Yes,No,871.2446
Rud-i-Shur Tabas,2,32.703707,60.626171,43,No,No,796.3821
Rud-i-Shur Tabas,3,32.701695,60.630056,47,No,No,792.1185
Rud-i-Shur Tabas,4,32.69793,60.658042,48,No,No,768.3597
Rud-i-Shur Tabas,5,32.698455,60.666351,37,No,No,760.5996
Rud-i-Shur Tabas,6,32.6962,60.694895,41,No,No,734.6313
Rud-i-Shur Tabas,7,32.696516,60.676257,37,No,No,751.6608
Rud-i-Shur Tabas,8,32.696714,60.710984,47,No,No,720.1533
Rud-i-Shur Tabas,9,32.696372,60.72619,56,No,No,708.1055
Rud-i-Shur Tabas,10,32.696894,60.743435,35,No,No,694.4418
Rud-i-Shur Tabas,11,32.697726,60.749342,45,No,No,689.0552
Rud-i-Shur Tabas,12,32.696241,60.752591,60,No,No,686.5952
Rud-i-Shur Tabas,13,32.692939,60.760614,49,No,No,679.6044
Rud-i-Shur Tabas,14,32.68668,60.803102,46,No,No,648.3627
Rud-i-Shur Tabas,15,32.681182,60.813355,43,No,No,640.246
Rud-i-Shur Tabas,16,32.678733,60.822411,61,No,No,634.2243
Rud-i-Shur Tabas,17,32.678566,60.82409,82,No,Yes,633.2715
Rud-i-Shur Tabas,18,32.677911,60.824985,78,No,Yes,632.6409
Rud-i-Shur Tabas,19,32.675125,60.831756,46,No,No,627.4633
Rud-i-Shur Tabas,20,32.697985,60.649963,45,No,No,775.4435
Rud-i-Shur Tabas,21,32.5909,60.9021,42,No,No,622.2677
Saskatchewan,1,53.728287,-103.184956,94,Yes,No,280.0482
Saskatchewan,2,53.707499,-103.228636,64,Yes,No,303.2919
Saskatchewan,3,53.721387,-103.135409,45,Yes,No,294.9437
Saskatchewan,4,53.793879,-102.74705,52,No,Yes,267.2795
Saskatchewan,5,53.877173,-103.08943,48,No,No,276.7532
Saskatchewan,6,53.82014,-102.623473,41,No,No,271.5835
Saskatchewan,7,53.939454,-102.632888,91,No,Yes,266.7378
Saskatchewan,8,54.016418,-102.643041,65,No,No,269.0053
Saskatchewan,9,54.014342,-102.630076,81,No,No,268.0493
Saskatchewan,10,53.992665,-102.577686,29,No,No,265
Saskatchewan,11,54.030034,-102.580151,45,No,No,266
Saskatchewan,12,54.027932,-102.588986,86,No,No,266
Saskatchewan,13,53.84714,-102.42091,30,No,No,272.1076
Saskatchewan,14,53.845202,-102.343969,83,No,Yes,267.9107
Saskatchewan,15,53.748244,-102.147819,75,No,Yes,264
Saskatchewan,16,53.949448,-102.979054,79,No,No,269.3872
Saskatchewan,17,53.983565,-103.019726,41,No,No,271.4825
Saskatchewan,18,53.964895,-102.999251,50,No,No,271.3604
Saskatchewan,19,54.021774,-102.927782,56,No,No,269.5029
Saskatchewan,20,53.783881,-103.035243,90,No,No,273.1777
Saskatchewan,21,53.964061,-102.961483,91,No,Yes,273.4715
Saskatchewan,22,53.964275,-102.912509,51,No,No,272.0005
Saskatchewan,23,54.005895,-102.839785,64,No,No,269.9154
Saskatchewan,24,54.003181,-102.581578,44,No,No,266.5
Saskatchewan,25,54.053931,-102.718179,70,No,No,268.26
Saskatchewan,26,54.05275,-102.719205,77,No,No,267.8147
Saskatchewan,27,54.053205,-102.674132,28,No,No,267.8494
Saskatchewan,28,53.842598,-103.035951,25,No,No,278.7939
Saskatchewan,29,53.936834,-102.923099,72,No,No,272.5253
Saskatchewan,30,54.033503,-102.647036,65,No,No,266.5
Saskatchewan,31,54.03526,-102.548942,88,No,No,269.2927
Saskatchewan,32,54.047067,-102.822527,38,No,No,271.5213
Saskatchewan,33,54.054008,-102.878907,85,No,No,268.0509
Saskatchewan,34,54.046952,-102.958726,53,No,No,269.1147
Saskatchewan,35,54.021451,-102.9905,57,No,No,269.1909
Saskatchewan,36,54.008889,-102.971323,45,No,No,268.6313
Saskatchewan,37,54.071446,-102.78428,20,No,No,269.2059
Saskatchewan,38,54.049956,-102.635959,83,No,No,267.3601
Saskatchewan,39,53.598845,-102.55258,87,No,Yes,285.544
Saskatchewan,40,53.623894,-102.47783,84,No,Yes,270.0253
Saskatchewan,41,53.552981,-102.616375,78,No,Yes,268.5536
Saskatchewan,42,54.019471,-102.676391,92,No,Yes,270.0171
Saskatchewan,43,54.009697,-102.878977,92,No,Yes,270.0271
Saskatchewan,44,54.051178,-102.855446,47,No,No,272.8912
Saskatchewan,45,54.034824,-102.567525,100,No,No,266
Saskatchewan,46,54.028281,-102.940279,33,No,No,269.5344
Saskatchewan,47,53.98567,-102.661325,88,No,No,267.2871
Saskatchewan,48,53.95585,-102.824371,36,No,No,271.3615
Saskatchewan,49,54.04136,-102.524068,65,No,Yes,266.4488
Saskatchewan,50,54.004404,-102.680827,89,No,Yes,269.3538
Saskatchewan,51,54.010461,-102.663027,110,No,Yes,270.5006
Saskatchewan,52,54.012166,-102.692815,40,No,No,268.3023
Saskatchewan,53,54.064505,-102.798837,28,No,No,269.9728
Saskatchewan,54,54.045805,-102.558707,98,No,Yes,268.0602
Saskatchewan,55,53.968194,-102.866675,46,No,No,271.1605
Saskatchewan,56,54.042181,-102.564068,89,No,Yes,268.5763
Saskatchewan,57,54.037174,-102.747184,57,No,No,268.0347
Saskatchewan,58,54.038057,-102.756166,54,No,No,267.991
Saskatchewan,59,54.049836,-102.704308,60,No,No,268.4152
Saskatchewan,60,54.0497,-102.700825,64,No,No,269.0688
Saskatchewan,61,53.927404,-103.056253,83,No,Yes,273.4817
Saskatchewan,62,54.000406,-102.681037,68,No,Yes,268.292
Saskatchewan,63,54.005771,-102.663363,69,No,Yes,268.9612
Saskatchewan,64,54.053149,-102.816686,62,No,No,269.7205
Saskatchewan,65,54.003961,-102.660469,87,No,Yes,269.6073
Saskatchewan,66,53.800953,-102.848308,80,No,Yes,275.3518
Saskatchewan,67,53.81835,-103.024511,96,No,Yes,274.1881
Saskatchewan,68,54.005941,-102.89149,82,No,Yes,270.0894
Saskatchewan,69,54.004591,-102.89794,53,No,No,270.824
Saskatchewan,70,54.026998,-102.602904,82,No,No,267.5
Saskatchewan,71,54.021116,-102.668956,91,No,Yes,270.4777
Saskatchewan,72,53.84443,-102.441592,96,No,Yes,267.9347
Saskatchewan,73,53.849726,-102.50324,87,No,Yes,267.7921
Saskatchewan,74,54.039099,-102.65553,95,No,Yes,266.5
Saskatchewan,75,54.042124,-102.618095,104,No,Yes,270.2734
Saskatchewan,76,53.999887,-102.649439,97,No,Yes,268.2474
Saskatchewan,77,53.776036,-103.010355,61,No,Yes,274.052
Saskatchewan,78,53.674207,-102.146825,97,No,Yes,263
Saskatchewan,79,53.671466,-102.15042,86,No,Yes,263
Saskatchewan,80,53.677533,-102.102884,85,No,Yes,262.5
Saskatchewan,81,53.95001,-102.39763,44,No,No,268.8335
Saskatchewan,82,53.95443,-102.454165,94,No,Yes,269.4089
Saskatchewan,83,53.956025,-102.458907,102,No,Yes,268.7272
Saskatchewan,84,53.960588,-102.59335,91,No,Yes,269.8176
Saskatchewan,85,54.033781,-102.800792,60,No,No,269.5505
Shire,1,-16.235897,34.948849,67,Yes,Yes,62
Shire,2,-16.243805,34.96097,134,Yes,No,61.5
Shire,3,-16.330217,34.992999,92,No,Yes,56.30024
Shire,4,-16.331761,35.005696,40,No,No,55.22335
Shire,5,-16.327788,34.998227,87,No,Yes,55.01888
Shire,6,-16.334322,35.008011,70,No,Yes,55.7446
Shire,7,-16.336301,35.00736,71,No,Yes,55.42258
Shire,8,-16.359684,35.020171,48,No,No,54.78527
Shire,9,-16.359058,35.018974,93,No,Yes,54.41305
Shire,10,-16.359541,35.017647,77,No,Yes,53.66085
Shire,11,-16.360869,35.018102,53,No,Yes,53.53778
Shire,12,-16.362005,35.017505,67,No,Yes,52.9387
Shire,13,-16.482171,35.078037,91,No,Yes,49.85988
Shire,14,-16.495804,35.094627,52,No,No,48.77224
Shire,15,-16.398221,35.088342,67,No,No,51.53129
Shire,16,-16.399817,35.097136,51,No,No,50.42972
Shire,17,-16.400741,35.112561,92,No,Yes,50.27609
Shire,18,-16.423425,35.115087,70,No,No,50.7808
Shire,19,-16.418622,35.121066,69,No,No,48.5
Shire,20,-16.419536,35.120695,75,No,Yes,50.08732
Shire,21,-16.285139,35.009899,76,No,Yes,58
Shire,22,-16.28517,35.011365,85,No,Yes,58
Shire,23,-16.284743,35.013823,89,No,Yes,59.0763
Shire,24,-16.291949,34.922836,42,No,No,59.58017
Shire,25,-16.369317,35.017027,65,No,Yes,52.40553
Shire,26,-16.395492,35.051428,83,No,No,52.16941
Shire,27,-16.402327,35.0535,81,No,Yes,53.0423
Shire,28,-16.402778,35.054585,91,No,Yes,51.87996
Shire,29,-16.403721,35.052047,97,No,Yes,50.5
Shire,30,-16.403018,35.048685,67,No,No,53.01797
Shire,31,-16.40277,35.053743,45,No,Yes,51.7393
Shire,32,-16.230315,34.943913,36,Yes,No,64.74574
Shire,33,-16.239774,34.979222,85,No,Yes,62.26745
Shire,34,-16.237859,34.984484,81,No,Yes,60.1745
Shire,35,-16.238055,34.984274,71,No,Yes,61.03957
Shire,36,-16.251526,35.001699,61,No,No,60.12707
Shire,37,-16.254134,35.003645,28,No,No,59.38016
Shire,38,-16.260479,35.012947,66,No,Yes,60.04329
Shire,39,-16.2056,34.9333,77,Yes,No,61.5
Shire,40,-16.425946,35.077765,93,No,No,50.96978
Shire,41,-16.448386,35.125491,61,No,No,48
Shire,42,-16.463484,35.133725,75,No,No,48.63188
Shire,43,-16.460017,35.110514,90,No,No,49.91428
Shire,44,-16.447451,35.077823,111,No,Yes,48
Shire,45,-16.454081,35.06199,63,No,No,49.98489
Shire,46,-16.456414,35.082878,90,No,No,48
Shire,47,-16.427024,35.09572,94,No,Yes,48.5
Shire,48,-16.427345,35.097126,56,No,No,49.66344
Shire,49,-16.253468,34.956405,58,No,No,61
Shire,50,-16.285737,34.914756,55,No,Yes,59.73267
Shire,51,-16.25383,34.94799,103,No,Yes,62.823605
Shire,52,-16.330011,34.9917,123,No,Yes,56.153137
Shire,53,-16.365588,35.021861,145,No,No,53.174839
Shire,54,-16.29286,34.924834,133,No,No,59.351326
Shire,55,-16.35132,35.069128,77,No,No,52.051281
Shire,56,-16.427284,35.099176,52,No,No,49.192974
